"team","auto_fuel","tele_fuel","auto_fuel_opr","tele_fuel_opr","auto_fuel_pre_epa","tele_fuel_pre_epa"
116,8.41,33.91,15.5,53.79,9.3,30
422,19.45,82.93,8.18,37.5,28.5,109.4
449,43.42,142.99,45.95,158.06,42.5,149.8
614,17.53,61.53,9.56,102.28,22.6,61
620,4.72,40,-2.84,50.16,8.7,57.9
623,6.94,35.53,-12.15,42.47,11.1,23.7
686,29.26,115.11,32.55,161.81,35.1,109.3
888,21.32,64.98,18.12,75.01,29,82
1599,0.83,17.07,-5,6.39,6.7,49.1
1727,12.85,79.32,15.08,98.65,18.4,85.6
1731,20.31,93.72,32.2,115.49,20.5,104.5
1915,0.45,17.49,-5.56,25.28,5.3,12.1
2106,37.22,152.88,23.93,127.41,43,155.5
2186,7.98,6.22,11.15,-49.99,9.8,23.4
2199,11.75,63.16,4.12,51.88,17.3,81.5
2377,6.91,34.07,6.62,5.26,8.1,49.4
2421,17.38,20.69,34.89,-20.4,10.5,15.6
2537,4.14,37.02,-16.86,1.02,18.6,63.5
4099,29.81,95.17,30.24,112.53,33.7,106.5
4472,7.15,52.31,4.61,44.98,12.6,65.6
4638,7.99,3.84,1.13,-42.35,16.5,26
5115,12.55,61.2,24.11,64.71,13.6,57.6
5243,12.89,28.13,15.96,30.23,17,44.1
5338,21.22,90.45,24.67,86.2,18.8,101.3
5549,25.43,73.59,30.1,-2.87,22.6,128.2
5587,2.29,-0.81,7.22,7.42,7.4,21.6
5830,-0.68,12.29,-12.31,-33.21,8.3,25
8230,-2.78,19.26,-11.77,1.92,7.7,33.8
9033,7.26,23.61,18.56,69.09,7.8,27.4
9072,33.54,194.29,36.47,274,32.7,153.3
9999,7.07,37.26,6.06,58.78,5.1,18.2
11415,19.83,129.9,22.11,91.37,21.4,142.8
