"team","match_key","auto_fuel_pre_epa","tele_fuel_pre_epa"
116,"2026vaale1_qm2",9.3,30
422,"2026vaale1_qm6",28.5,109.4
449,"2026vaale1_qm5",42.5,149.8
614,"2026vaale1_qm3",22.6,61
620,"2026vaale1_qm5",8.7,57.9
623,"2026vaale1_qm1",11.1,23.7
686,"2026vaale1_qm3",35.1,109.3
888,"2026vaale1_qm5",29,82
1599,"2026vaale1_qm3",6.7,49.1
1727,"2026vaale1_qm2",18.4,85.6
1731,"2026vaale1_qm1",20.5,104.5
1915,"2026vaale1_qm4",5.3,12.1
2106,"2026vaale1_qm4",43,155.5
2186,"2026vaale1_qm5",9.8,23.4
2199,"2026vaale1_qm2",17.3,81.5
2377,"2026vaale1_qm5",8.1,49.4
2421,"2026vaale1_qm3",10.5,15.6
2537,"2026vaale1_qm1",18.6,63.5
4099,"2026vaale1_qm4",33.7,106.5
4472,"2026vaale1_qm4",12.6,65.6
4638,"2026vaale1_qm6",16.5,26
5115,"2026vaale1_qm1",13.6,57.6
5243,"2026vaale1_qm4",17,44.1
5338,"2026vaale1_qm4",18.8,101.3
5549,"2026vaale1_qm2",22.6,128.2
5587,"2026vaale1_qm2",7.4,21.6
5830,"2026vaale1_qm3",8.3,25
8230,"2026vaale1_qm2",7.7,33.8
9033,"2026vaale1_qm1",7.8,27.4
9072,"2026vaale1_qm5",32.7,153.3
9999,"2026vaale1_qm3",5.1,18.2
11415,"2026vaale1_qm1",21.4,142.8
