"match","blue_auto_fuel","blue_tele_fuel","red_auto_fuel","red_tele_fuel"
1,29,141,20,191
2,1,71,28,118
3,20,156,48,163
4,30,101,46,328
5,108,337,5,59
6,8,237,9,10
7,49,156,62,110
8,52,413,15,23
9,28,71,21,100
10,20,46,67,179
11,27,162,79,369
12,5,18,7,38
13,11,158,79,179
14,64,247,100,384
15,46,187,108,329
16,20,244,10,39
17,8,41,15,83
18,47,233,16,319
19,40,148,64,181
20,25,99,35,268
21,45,198,54,183
22,15,55,53,376
23,53,162,9,30
24,37,238,64,177
25,62,146,22,336
26,62,207,81,108
27,63,238,12,38
28,75,193,16,28
29,85,225,43,159
30,9,108,80,359
31,29,68,36,159
32,70,156,34,248
33,28,124,65,263
34,128,412,32,179
35,41,211,81,230
